<application>
  <component name="ProjectJdkTable">
    <jdk version="2">
      <name value="1.7" />
      <type value="JavaSDK" />
      <version value="java version &quot;1.7.0_101&quot;" />
      <homePath value="/usr/java/sapjvm_7.1.043" />
      <roots>
        <annotationsPath>
          <root type="composite">
            <root url="jar://$APPLICATION_HOME_DIR$/lib/jdkAnnotations.jar!/" type="simple" />
          </root>
        </annotationsPath>
        <classPath>
          <root type="composite">
            <root url="jar:///usr/java/sapjvm_7.1.043/jre/lib/charsets.jar!/" type="simple" />
            <root url="jar:///usr/java/sapjvm_7.1.043/jre/lib/ext/dnsns.jar!/" type="simple" />
            <root url="jar:///usr/java/sapjvm_7.1.043/jre/lib/ext/localedata.jar!/" type="simple" />
            <root url="jar:///usr/java/sapjvm_7.1.043/jre/lib/ext/sunec.jar!/" type="simple" />
            <root url="jar:///usr/java/sapjvm_7.1.043/jre/lib/ext/sunjce_provider.jar!/" type="simple" />
            <root url="jar:///usr/java/sapjvm_7.1.043/jre/lib/ext/sunpkcs11.jar!/" type="simple" />
            <root url="jar:///usr/java/sapjvm_7.1.043/jre/lib/ext/zipfs.jar!/" type="simple" />
            <root url="jar:///usr/java/sapjvm_7.1.043/jre/lib/jce.jar!/" type="simple" />
            <root url="jar:///usr/java/sapjvm_7.1.043/jre/lib/jsse.jar!/" type="simple" />
            <root url="jar:///usr/java/sapjvm_7.1.043/jre/lib/management-agent.jar!/" type="simple" />
            <root url="jar:///usr/java/sapjvm_7.1.043/jre/lib/resources.jar!/" type="simple" />
            <root url="jar:///usr/java/sapjvm_7.1.043/jre/lib/rt.jar!/" type="simple" />
            <root url="jar:///usr/java/sapjvm_7.1.043/jre/lib/sapjvm-alt-rt.jar!/" type="simple" />
          </root>
        </classPath>
        <javadocPath>
          <root type="composite" />
        </javadocPath>
        <sourcePath>
          <root type="composite">
            <root url="jar:///usr/java/sapjvm_7.1.043/src.zip!/" type="simple" />
          </root>
        </sourcePath>
      </roots>
      <additional />
    </jdk>
    <jdk version="2">
      <name value="1.8" />
      <type value="JavaSDK" />
      <version value="1.8" />
      <homePath value="/usr/java/sapjvm_8.1.057" />
      <roots>
        <annotationsPath>
          <root type="composite" />
        </annotationsPath>
        <classPath>
          <root type="composite">
            <root url="jar:///usr/java/sapjvm_8.1.057/lib/dt.jar!/" type="simple" />
            <root url="jar:///usr/java/sapjvm_8.1.057/lib/jconsole.jar!/" type="simple" />
            <root url="jar:///usr/java/sapjvm_8.1.057/lib/jvmx.jar!/" type="simple" />
            <root url="jar:///usr/java/sapjvm_8.1.057/lib/sa-jdi.jar!/" type="simple" />
            <root url="jar:///usr/java/sapjvm_8.1.057/lib/tools.jar!/" type="simple" />
          </root>
        </classPath>
        <javadocPath>
          <root type="composite" />
        </javadocPath>
        <sourcePath>
          <root type="composite">
            <root url="jar:///usr/java/sapjvm_8.1.057/src.zip!/" type="simple" />
          </root>
        </sourcePath>
      </roots>
      <additional />
    </jdk>
    <jdk version="2">
      <name value="1.8.0_221" />
      <type value="JavaSDK" />
      <version value="java version &quot;1.8.0_221&quot;" />
      <homePath value="/usr/java/latest" />
      <roots>
        <annotationsPath>
          <root type="composite">
            <root url="jar://$APPLICATION_HOME_DIR$/plugins/java/lib/jdkAnnotations.jar!/" type="simple" />
          </root>
        </annotationsPath>
        <classPath>
          <root type="composite">
            <root url="jar:///usr/java/latest/jre/lib/charsets.jar!/" type="simple" />
            <root url="jar:///usr/java/latest/jre/lib/ext/cldrdata.jar!/" type="simple" />
            <root url="jar:///usr/java/latest/jre/lib/ext/dnsns.jar!/" type="simple" />
            <root url="jar:///usr/java/latest/jre/lib/ext/jaccess.jar!/" type="simple" />
            <root url="jar:///usr/java/latest/jre/lib/ext/localedata.jar!/" type="simple" />
            <root url="jar:///usr/java/latest/jre/lib/ext/nashorn.jar!/" type="simple" />
            <root url="jar:///usr/java/latest/jre/lib/ext/sunec.jar!/" type="simple" />
            <root url="jar:///usr/java/latest/jre/lib/ext/sunjce_provider.jar!/" type="simple" />
            <root url="jar:///usr/java/latest/jre/lib/ext/sunpkcs11.jar!/" type="simple" />
            <root url="jar:///usr/java/latest/jre/lib/ext/zipfs.jar!/" type="simple" />
            <root url="jar:///usr/java/latest/jre/lib/jce.jar!/" type="simple" />
            <root url="jar:///usr/java/latest/jre/lib/jsse.jar!/" type="simple" />
            <root url="jar:///usr/java/latest/jre/lib/management-agent.jar!/" type="simple" />
            <root url="jar:///usr/java/latest/jre/lib/resources.jar!/" type="simple" />
            <root url="jar:///usr/java/latest/jre/lib/rt.jar!/" type="simple" />
            <root url="jar:///usr/java/latest/jre/lib/sapjvm-tools.jar!/" type="simple" />
          </root>
        </classPath>
        <javadocPath>
          <root type="composite" />
        </javadocPath>
        <sourcePath>
          <root type="composite">
            <root url="jar:///usr/java/latest/src.zip!/" type="simple" />
          </root>
        </sourcePath>
      </roots>
      <additional />
    </jdk>
  </component>
</application>